song_id,track
1,$100 Dollar Bill Y'all
2,21st Century (Digital Boy) (Album Version)
3,5 Minutes Alone (LP Version)
4,50 Ft Queenie
5,86 (Album Version)
6,A Bad Dream
7,A Better Son Daughter
8,A Design For Life
9,A harom testor D Artagnan ellen
10,A Place For My Head (Album Version)
11,Addiction
12,Agenda Suicide (Jagz Kooner Remix)
13,All Because Of You
14,All Hail The New Flesh
15,All Hope Is Gone (Album Version)
16,All I Really Want (LP Version)
17,All The Things She Said
18,Alligator Blood
19,Alternative Ulster
20,Amnesia
21,Ampersand (Album Version)
22,Amputate
23,An Ode To No One
24,Angelene
25,Anger
26,Angry Chair
27,Angry Johnny
28,Animal I Have Become
29,Animal Instinct
30,Animal
31,Anti-Pleasure Dissertation
32,Arabischer Morgen
33,Are You Dead Yet
34,Are You Gonna Move It For Me
35,Arise Again (Album Version)
36,As The Storm Unfolds
37,Asshole Of The Week
38,Assimilate
39,Awake
40,Baba O'Riley
41,Backstabber (Album Version)
42,Bad Habit (Album Version)
43,Bad Reputation
44,Beautiful Mourning (Explicit Album Version)
45,Beckoned (Album Version)
46,Before He Cheats
47,Behind the curtains of night- phantasmagoria
48,Being Alright
49,Best Of You
50,Better Do Better [Album Version]
51,Better Version Of Me
52,Big Exit
53,Big God Raped Souls (Album Version)
54,Binge And Purge
55,Bitter Sweet Symphony
56,Black And Blue
57,Black City - Black Fire
58,Bleeding Love
59,Blood On The Ground
60,Blood Roses
61,"Blood, Sex And Booze (Album Version)"
62,Bloodwork
63,Blue Sky Mine
64,Bodies
65,Bone Machine (Remastered)
66,Bop Gun (One Nation) (Radio Edit)
67,Boxing Champ
68,Boyfriend (LP Version)
69,Boys On The Radio
70,Brake Of Your Car
71,Break Me Shake Me
72,Break Stuff
73,Breath Control
74,Breed Again
75,Bring Me Some Water
76,Bring Me To Life
77,Bring The Noise
78,Brush Away
79,Bugs In Head
80,Bulls on Parade
81,Bundy
82,Bunkertor 7 (German Texture)
83,Burn
84,Bye Bye Boyfriend
85,Cage
86,Can I Have A Kiss
87,Caped Crusader
88,Cast Down the Heretic
89,Castigation and Betrayal
90,Catch Me
91,Catherine
92,Caught Out There
93,Censor (The Gutter Mix) (Guru Remix)
94,Centipede
95,Chainsaw
96,Charlotte
97,Check Yo Self (Remix) ()
98,Chop Suey!
99,Christbait Rising
100,Christian's Inferno (Album Version)
101,Cigaro
102,Circustance
103,Clenching The Fists Of Dissent (Explicit Album Version)
104,Cold Reader
105,Come a Time
106,Come On (Album Version)
107,Come To My Window
108,Consider This
109,Control
110,Copycat
111,Costume Makes the Clown
112,Crawl
113,Crawling (Album Version)
114,Crown Of Love
115,Cry Me A River
116,Da Rockwilder
117,Damaged People (Live In Milan)
118,Date With The Night
119,Dead (LP Version)
120,Dead Bury Their Dead
121,Dead Eyes See No Future
122,Death In Fire
123,Debaser
124,Deceit of Man
125,Deep down trauma hounds
126,Deep In
127,Destroy Everything You Touch
128,Destroyer (Bonus - LP Version)
129,Devil Girl
130,Dick
131,Dickhead
132,Dig It
133,Dirty Business (Album Version)
134,Disposable Teens
135,Doll Parts
136,Dollhouse
137,Domination
138,Don't Break Me Down (Album Version)
139,Don't Need You
140,Don't Tell Me
141,Double Dare Ya
142,Down By The Water
143,Down In A Hole
144,Down In It
145,Down With The Sickness (Album Version)
146,Drain The Blood (Album Version)
147,Drama Queen
148,Dress
149,Drove (Album Version)
150,Dry
151,Duality (Album Version)
152,Edgecrusher (Urban Assault Mix) (Album Version)
153,"Egyszer fent, egyszer lent"
154,Electioneering
155,Electric Light
156,Empty Jar (Album Version)
157,Enchanted Thoughtfist
158,"Endless, Nameless"
159,Estranged
160,Even When I'M Wrong I'M Right
161,Everglade
162,Everything Is Average Nowadays
163,Ex-Girlfriend
164,Excuse Me Mr.
165,Eyes On The Prize
166,"Fail Hill Zone, Act 1"
167,Faint (Album Version)
168,Fall Behind Me (Album Version)
169,Fascist Jock Itch
170,Fat Lip
171,Fat Slut
172,Fire! Fire! Fire!
173,Firestarter
174,First (Album Version)
175,First aid
176,Fix Up Look Sharp
177,Flashback (Album Version)
178,Florida
179,Fly From The Inside (Album Version)
180,Flying Saucer Tour
181,For Tammy Rae
182,Forever More (Fkek Dub Mix)
183,Forgotten
184,Freak Out
185,Friend (Album Version)
186,Friends
187,Friendster Is Sooo Two Months Ago
188,Fuck and Run
189,Fuck U
190,Fuck Was I
191,Fuck
192,Fuel The Hate (Album Version)
193,Funguss
194,Garden Of Eden
195,Gary Gilmore's Eyes
196,Get Gone
197,Get Low featuring Ying Yang Twins
198,Get Your Body Beat
199,Getting Away With Murder
200,Ghetto Love
201,Ghost Of The Sun
202,Girl Anachronism (Album Version)
203,Giving In
204,Glory Box
205,Go To Hell
206,God Am
207,God Save The Queen
208,Godpuppet
209,Gods Gift (Maggot)
210,Goes Cube Song 57
211,Goin' Down
212,Going Under
213,Golden
214,Gone Again
215,Good Day (Album Version)
216,Goodbye My Lover
217,Goodbye
218,Got Me Wrong
219,Grotesquery conceiled (within measureless magic)
220,Guilt
221,Gunning Down Romance
222,Half Jack (Album Version)
223,Hallelujah
224,Hardest Of Hearts
225,Hardly Wait
226,Harsh stone white
227,Hat Shaped Hat
228,Hate me !
229,He Wasn't
230,Head Creeps
231,Head Like A Hole
232,Heads Will Roll
233,Heat Dies Down
234,Heaven Beside You
235,Heaven Tonight
236,Hello
237,Here Come The Wolf
238,Here's Where The Story Ends
239,Hero Of The Day
240,Highroyds
241,History's Stranglers
242,Holiday In Cambodia
243,Home
244,Horses In My Dreams
245,Horseshoes And Handgrenades (Album Version)
246,How I Could Just Kill A Man
247,Hunter (LP Version)
248,Hustle Rose
249,I Ain't Goin' Out Like That
250,I Am Me
251,I am trying to break your heart
252,I Can Do It Without You
253,I Do
254,I Don't Know Anything
255,I Get Along
256,I Get It
257,I Hate Everything About You
258,I Like Fucking
259,I Never Told You What I Do For A Living (Album Version)
260,I Should Have Cheated
261,I Wanna Know What Love Is
262,I Was A Lid
263,I'll Be The One
264,I'll Do Anything
265,I'm Back
266,I'm Broken  (Remastered LP Version)
267,I'm Not Jesus
268,I'm Not Okay (I Promise) (Album Version)
269,I'm So Sick
270,I.R.W.Y.T.D.
271,If Everyone Cared
272,Ifwhiteamericatoldthetruthforonedayit'sworldwouldfallapart
273,Ignorance (Album Version)
274,Illwill
275,In Hell
276,In The Barn
277,In The End (Album Version)
278,In Your Face
279,Incomplete
280,Inner Peace
281,Instinct
282,Integration (Insert)
283,Irony Of Dying On Your Birthday
284,It's Not Over
285,It's On The Rocks (Album Version)
286,It's Too Late
287,Ivy Parker
288,Jahya
289,Jealous
290,JFC
291,Joe
292,Jolene
293,Juarez
294,Jumpdafuckup (Album Version)
295,Just A Girl
296,Just Friends
297,Just Go Away (2001 Digital Remaster)
298,Just Like You
299,Kali-Fornia Uber Alles 21st Century (Live)
300,Kamikaze
301,Keep On Your Dress
302,Killing game
303,Kim
304,King Rat
305,Kiss Off
306,Kiss With A Fist
307,Knock 'Em Out
308,Knot
309,Know Now Then
310,Knukkohed
311,Las De La Intuicio╠ün
312,Last Love Song For Now
313,Last Man Standing
314,Late Night Lullaby
315,Learnt My Lesson Well
316,Leave Me Alone
317,Leaving You
318,Legions of the Dead
319,Les And Ray
320,Lessons In What Not to Become
321,Letterbomb (Live)
322,Liar (Live)
323,Likainen parketti
324,Like The Way I Do
325,Like Yeah
326,Limp (Album Version)
327,Lip Gloss and Black
328,Lips Of An Angel
329,Little Plastic Castle (Hobby Lobby Remix)
330,Little Smirk
331,"Live Fast, Die Ugly"
332,Locust (Advance Mix)
333,London Calling
334,Lonesome Organist Rapes Page-Turner (Album Version)
335,Longview (Album Version)
336,Lose Control
337,Lost Ones
338,Louder Than Words
339,Love Dog
340,Love In Vein
341,Love's Not A Competition (But I'm Winning)
342,Lover Please
343,M-Bike
344,Make Me Wanna Die
345,Maldito
346,Mama Said Knock You Out
347,Man In The Box
348,Man-Size
349,Man
350,Marshall Mathers
351,Maschinenvolk
352,Master Of Disguise
353,Mausen
354,Me-Jane
355,Meant To Live
356,Mirror Saw (Dub Mix)
357,Miss World
358,Missed
359,Molotov (Album Version)
360,More of Fire Than Blood
361,Mosh
362,Mother
363,Motown Junk
364,Mouth For War (LP Version)
365,Much Too Long (Album Version)
366,Murder Fantasies
367,Murder Sermon
368,My Beautiful Leah
369,My Droogies
370,My Generation
371,My Happy Ending
372,My Kind Of Guy
373,My Mercy (Album Version)
374,My Philosophy
375,Napoleon
376,Natures Revenge (Dub)
377,Never Gonna Be The Same
378,Nevertrust (Explicit)
379,New Born
380,Nina
381,No Children
382,No Excuses
383,No Girl So Sweet
384,Nobody's Home
385,Nookie
386,Not Like You
387,Not Living (Album Version)
388,Not My Idea
389,Not So Soft
390,Not The Doctor (LP Version)
391,Numb
392,Obnoxious
393,Obstacle 1
394,Oh My Lover
395,Oh! Darling
396,On With The Song
397,On Your Way Down
398,One Kill Wonder
399,Outside (Original LP Version)
400,P.S. Hell
401,Pain (Album Version)
402,Pain (Live Version)
403,Paint It Black (Agony Scene) (The Agony Scene Album Version)
404,Paint It Black
405,Panik
406,Paris
407,Pea
408,Piss All Over Your Grave
409,Platypus [I Hate You] (Album Version)
410,Pluto (LP Version)
411,Portions For Foxes (Album Version)
412,Possum Kingdom
413,Potential Breakup Song
414,Pressure
415,Professional Widow (Armand Van Helden's Star Trunk Mix)
416,Professional
417,Queen Of Apology (Album Version)
418,R.I.P.
419,Rabbit Heart (Raise It Up)
420,Rah! Rah! Replica
421,Rapist Eyes
422,Rash Reflection
423,Rattlesnake (Album Version)
424,Re-Arranged
425,Rebel Girl
426,Red Red Red
427,Replica (Album Version)
428,Repulsive
429,Retirement
430,Revolution Is My Name (Remastered LP Version)
431,Richest Junkie Still Alive
432,Rid Of Me
433,Right Through You (LP Version)
434,Riot Girl
435,Riverz End
436,Rock It Till You Drop It
437,Rocks Tonic Juice Magic
438,Rodent (DDT Mix)  (Ken a╠éÔé¼╦£hiwatta╠éÔé¼Ôäó Marshall Remix)
439,Role Model
440,Romanticide
441,Rooster
442,Rootless Tree
443,Rotten Apple
444,Rough (Explicit)
445,Rowboat (Album Version)
446,Ruby
447,Ruin Me Now
448,Runnin' Out Of Fools (Cd)
449,S.T.C. (Shoot Them Canons)
450,Sag es jetzt
451,Sanctuary [Explicit]
452,Satan's Hammer
453,Save Me
454,Scars
455,Scrapyard
456,Scum Of The Earth
457,Seasons Wither (Album Version)
458,Second Tooth
459,Seek 'N' Strike
460,Sehnsucht
461,Serpents
462,Seventy Times 7
463,Sex Changes (Album Version)
464,She Walks On Me
465,Sheela-Na-Gig
466,Sheena Is A Punk Rocker
467,Sheep (2001 Digital Remaster)
468,Shitlist
469,Shoot'em Up
470,Shout
471,Shut The Fuck Up
472,Shutterbug
473,Similar Features
474,Sin
475,Six Curses from a Spiritual Wasteland
476,Siz
477,Skull Fission
478,Slaying The Dreamer
479,Sleepwalking
480,Slide
481,Smells Like Teen Spirit
482,Smothered Hope
483,Snot
484,So Unsexy (Album Version)
485,Social deception
486,Soldier Side
487,Somewhat Damaged
488,Song 4 Mutya (Out of Control)
489,Song for the Devil's Son (Bonus)
490,Song With A Mission (Album Version)
491,Sorrow
492,Sowing Season
493,Space Dementia
494,Spasmolytic (Remix)
495,Speak To Me Bones
496,Speed Heart
497,St. Anger
498,Stan
499,Star Bellied Boy
500,"Starfuckers, Inc."
501,Stars
502,Start The Riot!
503,Step Aside
504,Straight Hate (Album Version)
505,Straight Out Of Line
506,Stranger Inside (Album Version)
507,Strawberry Julius
508,Strength Beyond Strength (LP Version)
509,Stupid Girl
510,Suck My Left One
511,Suffocate (Album Version)
512,Suffocate
513,Suite-Pee
514,Summer Cannibals
515,Summer Son
516,Sunday Morning
517,Supervixen
518,Sweet '69 (Album Version)
519,Swing (Radio Edit)
520,Syndrome
521,Take A Look Around
522,Take It As A Compliment
523,Take It Off (Album Version)
524,Take It Or Leave It
525,Take The Power Back
526,Tell Me So
527,Tension Head
528,Terrible Lie
529,Testure
530,Thank You (Album Version)
531,Thank You Very Much
532,That Was A Lie
533,The Angry Mob
534,The Anthem
535,The Art Of Shredding (LP Version)
536,The Battle of Hampton Roads
537,The Darkest Lie
538,The Day Squid's Gerbil Died
539,The Day That I Die
540,The Day The Niggaz Took Over
541,The Diary Of Jane
542,The Dog Obeys
543,The Dolphin's Cry
544,The Fear
545,The First (Album Version)
546,The Gallow Is God (Album Version)
547,The Ghost Of Tom Joad
548,The Good Life Period
549,The Good That Won't Come Out
550,The Great Southern Trendkill (LP Version)
551,The Grouch (Album Version)
552,The Lake
553,The Last Stand (Explicit)
554,The Life And Death Of Mr. Badmouth
555,The Lighter Side Of Global Terrorism
556,The Lucifer Effect
557,The Mess Age ( How Could I Be So Wrong
558,The Midst (LP Version)
559,The Million You Never Made
560,The Moth (Live)
561,The Perfect Fit (Album Version)
562,The Rat (Album Version)
563,The Red
564,The River
565,The Scratch
566,The Second Great Depression
567,The Sky Lit Up
568,The Song Remains Insane (Album Version)
569,The The Empty
570,The Waitress  (LP Version)
571,The Way I Am
572,The Wrist
573,Therapists
574,This House Is On Fire (LP Version)
575,This Is Not What You Had Planned
576,Those Dumb Punk Kids (Will Buy Anything)
577,Thoughtless
578,Three and a Half Letters
579,Tick
580,Tin Omen
581,To Buy A Gun (Album Version)
582,To The End (Album Version)
583,tombigbee
584,Too Bad About Your Girl (Radio Remix)
585,Too Much Too Soon (Non-Album Track)
586,Torn
587,Train
588,Trobbel
589,Trouble
590,Truce (Album Version)
591,Try Your Best
592,U Know Nothing
593,Underworld
594,Unforgiven
595,Violent Pacification
596,Violent Pornography
597,Violet
598,Voted Off the Island
599,Vow
600,Waco (koresh) (Album Version)
601,Waiting for the Turning Points
602,Wake Up
603,Walk (LP Version)
604,Waltz
605,Want
606,War For Oil
607,Wargasm
608,Watching You
609,Watershed (Album Version)
610,We Are War
611,We Will Rock You
612,What To Do
613,What's Michelle Like
614,Whichever Way The Wind Blows
615,White Boy
616,Who Knew
617,Who The Fuck [Explicit]
618,Wholly Bun Bull
619,Whoopie Cat (LP Version)
620,Why Do You Love Me (album version)
621,Why U Tell Me That
622,Wild
623,Working Class Hero
624,Worn Me Down
625,Wouldn't It Be Good [Feat. Nik Kershaw]
626,You Give Love A Bad Name
627,You Know What You Are
628,You Learn (Album Version)
629,You Lied
630,You Oughta Know (Album Version)
631,"You Think I Ain't Worth A Dollar, But I Feel Like A Millionaire"
632,"You're Gonna Go Far, Kid"
633,You've Got To Belong To It (LP Version)
634,Young Girl
635,Yuri-G
636,Zeplin Song
637,_Dogshit_ (aka Censor)
638,(Do) The Stagger
639,(You To Be) Be Happy
640,1 Thing
641,"1, 2, 3, 4"
642,"1,2,3,4"
643,4 Songs & a Fight
644,5:00 PM
645,5 Years Time
646,A Heart & a Hand & the Love for a Band
647,A History of Lovers
648,A L'Oree Des Bois
649,A Sentence Of Sorts In Kongsvinger
650,A Swingin Safari
651,Accidentally In Love
652,Adam's Eyes
653,Advent In Ives Garden
654,Advice For The Young At Heart
655,All Day Long I Dream About Sex
656,All I Do (Jazz Mix)
657,All I Do Is Dream Of You
658,All Is Love
659,All My Friends Are On Prozac
660,All Night Long (All Night)
661,All Of The Above (Album Version)
662,All The Pretty Girls
663,All We Need
664,"Always Have, Always Will"
665,America (The World is Watching Remix)
666,American Girl
667,Andante Levante
668,Angel Eyes
669,Angels
670,Animal Cannabus
671,Another Lover
672,Antonin Dvora╠ük_ Humoresque
673,Anyway Live From Madison Square Garden
674,Aquarius
675,Are You Ready to Fly
676,Arms Against Atrophy
677,Around the Clock
678,Arrows Of Eros
679,As You Cry (Album Version)
680,Ashes In The Sky
681,At Least I'm Not As Sad (As I Used To Be)
682,At The Bottom Of The Sea
683,Auld Triangle
684,Australia (Album)
685,Automatic (Raufast's Dark Disco Mix)
686,Baby (Album Version)
687,Babylon Fading
688,Back In Her Heart
689,Back In The U.K.
690,Back It Up
691,Back Some Day
692,Back To You
693,Bang Bang
694,Banger Hart (Radio Mix)
695,Be Gentle With Me
696,Be Happy
697,Be OK
698,Beauty in the World
699,Because It's Not Love (But It's Still A Feeling)
700,Beetlebum
701,Believe Me Natalie
702,Best In Me (Electro)
703,Best Looking Boys
704,Bettina
705,Beyond Belief
706,Big Apple Big Heart
707,Big Boy
708,Big day
709,Big Girl (You Are Beautiful)
710,Big Shot
711,Bigcitydreams
712,Billionaire (Feat. Bruno Mars)
713,Birthday
714,Blackwater (Vocal String Mix - Theory Edit)
715,Blaue Augen
716,Blijf Bij Mij
717,Blister In The Sun
718,Bone Jam
719,Boomerang
720,Bossy (Explicit) (Feat. Too Short)
721,Botanic Mistress (Album Version)
722,Bottom Of the Barrel
723,Bougainville
724,Bowl Of Oranges
725,Boyfriend
726,Brand New Skin
727,Breezin'
728,Brian Eno
729,Bright Future In Sales
730,Brindo Por Tu Cumplean╠âos
731,Broke In Two
732,Bron-Y-Aur Stomp  (Album Version)
733,Brown Eyed Girl (Best Of)
734,Brown Skin Girl
735,Bubblin' (Single Version) (Feat. L.A.D.E╠ü)
736,Buddy Holly
737,Bumper
738,Burbujas
739,Buried Bones
740,C'est La Vie
741,Can't Buy Me Love
742,Can't Help But Smiling (Album Version)
743,Can't Stop Raving
744,Capsize
745,Carib's Leap (West End Blue Mix)
746,Carmensita
747,Carry On
748,Cemetery Gates
749,Central Services   The Office
750,CHANDA RANI
751,Cheek To Cheek
752,Cherie
753,Chicago   We Can Change The World [Alternate Mix]
754,Chicken Payback
755,Chien Dangereux
756,Children Of The Night
757,Chilly Down
758,Chinatown
759,Chips And Dip
760,Circus
761,Clocks
762,Coming Home
763,Congratulations (1998 Digital Remaster)
764,Corriendo
765,Cosmopolitan
766,Could It Be I'm Falling In Love
767,Cowboy Dave
768,Creepin Up The Backstairs
769,Creepin' In (feat. Dolly Parton)
770,Cris Chana
771,Cross The Sky
772,Crossing Lines
773,Cry For More
774,"Crying, Waiting, Hoping"
775,Cuatro Personalidades
776,Cuddle Fuddle
777,Dance Don't Slip
778,Dancing in The Moonlight
779,Daydream Believer
780,Daylight
781,De sista entusiasterna
782,Deadbeat Club (Album Version)
783,Death To The Apple Gerls
784,Default
785,Der Kleine Ba╠êr
786,Devil Went down To Georgia
787,Diamond Sky
788,Did it Again
789,Did Ya' Understand That (Album Version)
790,Divine
791,Djordj
792,Do Ya
793,Do Your Thing
794,Dog Days Are Over
795,Doing It Right
796,Don't Stop Me Now
797,Don't Worry Be Happy
798,Drive
799,Du und ich
800,Duane Joseph
801,Dumb Dead Goats
802,Dustin Hoffman Becomes Indignant and Wets Himself (Album Version)
803,Dusty Roads
804,East Easy Rider
805,Eat Your Heart
806,Ebony And Ivory
807,Edelweiss
808,Edge Of The Earth
809,Ein Kompliment
810,El Cielo Puede Esperar
811,Electric Bloom [Reuban Ingall remix]
812,Elysium
813,Emotion Road
814,En Ja╠êvel Vid Mitt O╠êra
815,En la que el Bernat se't troba
816,En Lo Alto Del Cerro (Tangos) (Live)
817,En Noches Como La De Hoy
818,Endless Summer
819,Enemy
820,Entre La Guerra Y El Amor
821,Ephemeral ArteryÔÇÖ
822,Escapee
823,Euphoric
824,Every Teardrop Is A Waterfall
825,Everyday America
826,Everyday Sunshine
827,Evil Genius
828,Expectations
829,Expedicion
830,Faces In The Dark
831,Far Away
832,Fascination
833,Fast Cars
834,Fast Track (with Alex Gopher & Julien Delfaud)
835,Faster Harder Scooter
836,Faster
837,Feelin' So Good
838,Femten songar pa╠è ei gong
839,Find My Heaven
840,Fireflies In A Steel Mill
841,Fireworks
842,Flash A Hungry Smile
843,Flat Baroque
844,Flipside (Album Version)
845,Float On
846,Fly By
847,Folk
848,Foolin' (Album Version)
849,Free Fallin'
850,Freedom Park
851,Freedom
852,Fried Alive
853,Friends
854,Funhouse
855,Funplex
856,Fu╠êr Meine Fans
857,Generator 2nd Floor
858,Generator
859,Genuine Venus
860,Get Down on It
861,Get It Together
862,Get Lucky
863,Getting Out of Your Own Way
864,Gimme Hope Jo'anna
865,Give A Little Bit
866,Give Me Anything
867,Glasses
868,Go Upstairs
869,Gobbledigook
870,Going Back To My Roots
871,Going Nowhere
872,Golden Skans
873,Golden Slumbers   The End (Remastered)
874,Gone At Last
875,Good Day
876,Good Morning
877,Good Times
878,Good To Go
879,Goodbye L.A.
880,Goodbye
881,Goody Goody
882,Got My Mind Set On You (2009 Digital Remaster)
883,Gotta Be Loose In Your Mind
884,Grace Kelly
885,Hair Good Morning Starshine
886,Hair_ Manchester
887,Hallelujah I Love Her So
888,Happiness
889,Happy Birthday (Album Version)
890,Happy Birthday Girl
891,Happy Birthday John
892,Happy Birthday To You
893,Happy Birthday
894,Happy Ending
895,Happy Now
896,Happy People
897,Happy Song
898,Happy Up Here
899,Happy
900,Hardcore Vibes
901,Harmony
902,"Harold T. Wilkins, or How to Wait for a Very Long Time"
903,Hats
904,Have You Ever Been Mellow
905,Hawaiian Roller Coaster Ride (DisneyMania3 Album Version)
906,He Gets High
907,He Touches Me
908,Heart Of Glass (2002 Digital Remaster)
909,Heartbeats
910,Heaven Can Wait
911,Hello Dolly
912,Here (In Your Arms) (Radio Edit)
913,Here Comes Your Man
914,Here I Am
915,Herz an Herz
916,Heut' ist mein Tag
917,Hey (Nah Nah Nah)
918,Hey hey hey!
919,"Hey, Soul Sister"
920,High Life Scenery
921,Higher Ground
922,Hit Me Up (Album Version)
923,Hold Tight(Album Version)
924,Home To You
925,Hope Of Deliverance
926,Horizontal Line Ii
927,Hot Air Balloon
928,House of Diamonds
929,Hugging My Grudge
930,Human Being
931,Hurry (Blue Six Dub)
932,Hymn To The Brave
933,I Can Do Better
934,I Can Make You Feel Good
935,I Found U (Radio Edit) (Feat. Max'C)
936,I Just Get Caught Out (live Snap)
937,I Kiss Your Lips
938,I Kissed A Girl
939,I Know Him So Well
940,I Know What Love Is
941,I Like
942,I Love You Like A Madman
943,I Really Like The Idea
944,I Remember
945,I Surrender To You
946,I Think It's Love
947,I Told a Lie
948,I Understand
949,I Wanna Be A Hippy
950,I Wanna Be Your Lover
951,I Wanna Love You (Akon Cover) ( Compilation)
952,I Wanna Take You Out In Your Holiday Sweater
953,I Want Your Love
954,I Won't Give Up
955,I'll Take You Down
956,I'm A Fool For You Girl
957,I'm Glad I Hitched My Apple Wagon To Your Star
958,I'm Gonna Be (500 Miles)
959,I'm Gonna Love You Too
960,I'm Lonely
961,I'm Not Gonna Teach Your Boyfriend How To Dance With You
962,I'm Yours (Album Version)
963,I've Got Rhythm
964,I've Underestimated My Charm (Again)
965,If It Means a Lot to You
966,If the Creeks Don't Rise
967,If You Would Come Back Home
968,In Search Of 1988
969,In The Lowlands
970,In The Morning
971,In The Shadows
972,In Transit
973,Indefinitely (LP Version)
974,Indiaca
975,Inni╠ü me╠ür syngur vitleysingur
976,Instant Karma! (We All Shine On) (2010 - Remaster)
977,Intro_ Happy Birthday
978,Is It Me
979,Is This Love
980,Island In The Sun
981,It's All Over
982,It's Not Unusual
983,I┬┤ll Build You A Fire
984,Jamaica Underground
985,Jerzy The Giant
986,Jump N' Move (Feat. Jamalski)
987,Jumping All Over The World
988,Jungle Drum
989,Junk of the Heart (Happy)
990,Just Fine
991,Kalida
992,Karin Redinger
993,Keep It On Going
994,Keep Smiling
995,Keli Richards
996,Key To Soul (Original Mix)
997,Kids
998,Killamangiro
999,Kings of Eternity
1000,Kinky Afro
1001,Kiss Me (LP Version)
1002,Kiss
1003,Knockdown Dragout
1004,L.I.F.E.G.O.E.S.O.N.
1005,La chaise de Monsieur Seguin
1006,La Chica Que Salio╠ü De La Tarta
1007,La chinita
1008,La Fille De Paille
1009,La vida en bossa (Cada sambado noche)
1010,Labaneria
1011,LadyFlash
1012,Las Man╠âanitas
1013,LDN
1014,Le Tagliatelle Di Nonna Pina
1015,Leaving You
1016,Lembranc╠ºas
1017,Les Chanteurs Sont Mes Amis
1018,Let Me Be Your Valentine
1019,Let's Get Tired
1020,LetÔÇÖs All Die
1021,Light & Day Reach For The Sun
1022,Like A Flower
1023,Listen To A Country Song
1024,Little Red House
1025,Live It Up
1026,Living Around
1027,Lollipop
1028,Long Time
1029,Loose Fit
1030,Lorenzo  (LP Version)
1031,Lost In Space
1032,Louie
1033,Love And Money (Album Version)
1034,Love As A Theory
1035,Love Like A Bomb
1036,Love Of An Orchestra
1037,Love Song For Camus
1038,Love To Hate You
1039,Love Today
1040,Lovelee Dae
1041,Loving U
1042,Lullaby
1043,Lyckans Undulat
1044,Magic (Oh Oh Oh)
1045,Magic Dance
1046,Make It Easy On Me
1047,Make It Happen
1048,Make Light
1049,Make Me A Mixtape
1050,Makes me Happy
1051,Mannequins
1052,Margarita
1053,Marvo Ging
1054,Masticar
1055,Memories (Album Version)
1056,Memphis
1057,Metal Invasion
1058,Mi Rulot And I
1059,Mi vida
1060,Million Miles From Home
1061,Misery (Lil Louis Extended Club Mix)
1062,Misery Business
1063,Misread
1064,Mister Sun (Radio Edit)
1065,Mixed Up World
1066,Mme. Dos Rombos
1067,Mon Amour
1068,Mongo Stomp
1069,Moon Shines On Trubble
1070,More Than Friends
1071,More Than This
1072,More Today Than Yesterday
1073,Mother We Just Can't Get Enough
1074,Move It
1075,Move Your Ass!
1076,Movin' On
1077,Mr. Blue Sky
1078,Mr. E's Beautiful Blues
1079,Mr. Z
1080,Music for 18 Musicians_ Section II
1081,Musical Changes
1082,Must've Had Your Reasons
1083,My Best Friend's Girl
1084,My Brain Tells My Body
1085,My Dying Paradise
1086,My Love
1087,My Queen Of Winter
1088,My Sweet Lord
1089,Myspys
1090,Nach der Ebbe
1091,Never Forget You
1092,New Soul
1093,Niemand hier
1094,Nitelife (Armand Van Helden Retail Mix)
1095,No Regrets
1096,No Such Thing
1097,No Tomorrow
1098,No Way In Hell
1099,"No, No, No"
1100,Nobody's Sweetheart
1101,Northeast Winter
1102,Not That Kind Of Girl
1103,Nothing Impossible With Love
1104,Nothing Left To Say
1105,Now Or Never
1106,Nunca Supiste
1107,Nur getra╠êumt
1108,O Baby
1109,Om du mo╠êter varg
1110,Ominous Cloud
1111,One (Always Hardcore)
1112,One Life Stand
1113,One Man To The Left
1114,One Thing Is For Sure (Album Version)
1115,Orange Colored Sky (2000 Digital Remaster)
1116,Orpheus
1117,Our Happy Hardcore
1118,Over And Out
1119,Paris Is Burning
1120,Perfect Fit
1121,Perfect Situation
1122,Perth
1123,Piece of Meat (Quentin Harris Mix)
1124,Pikku Huopalahti
1125,Pinta De Tarao
1126,Pittsburgh Sound
1127,Plage
1128,Plasticities
1129,Popdorian
1130,Praise You
1131,Press On
1132,Pressure
1133,Pretty Apollo
1134,Pretty Fly (For A White Guy)
1135,Private Emotion
1136,Pumped Up Kicks
1137,Put Your Hands On
1138,Queridoalberto
1139,Radiate (Album Version)
1140,Rainbow to the Stars
1141,Raise Your Glass (Glee Cast Version)
1142,Rapture (feat.Nadia Ali)
1143,Rave On (Remastered version)
1144,Ray Of Light (Album Version)
1145,Rebel In You
1146,Rebel Yell
1147,Recomec╠ºar
1148,Relator
1149,"Relax, Take It Easy"
1150,Reminiscing
1151,Restless
1152,Return To The Violence Of The Ocean Floor
1153,Rhythm Of Love
1154,Ring Ring
1155,Robinsones
1156,Rock Around The Clock
1157,Roots Bloody Roots
1158,Rouse Your Dream
1159,Running Away (Radio Edit)
1160,S.O.S. - Herz in Not
1161,Sag _ Ich Will Tot Sein
1162,Sailing Home
1163,Saturday Night
1164,Save Me
1165,Say 'Si Si
1166,Say Hey (I Love You)
1167,Say You'll Be Mine
1168,Saying Goodbye
1169,Scissor Runner
1170,Scratch My Back
1171,Secret Love
1172,See You As I Do
1173,Send Me On My Way
1174,September
1175,Settlin'
1176,Seven Days In Sunny June
1177,She Moves In Her Own Way
1178,She's Got You
1179,She
1180,Shine (Pete Heller's Phela Style Club Mix)
1181,Shine On
1182,Shoot The Sexual Athlete
1183,Shores of California (Album Version)
1184,Shout
1185,Show You The Way To Go
1186,Show-Me Everything You've Got
1187,Shower Your Love (Early Recording)
1188,Signal in the Sky (Let's Go)
1189,Signs
1190,SillaSill
1191,Simple Pages
1192,Sing It Back (Mousse T's Feel Love Mix)
1193,Singalong Junk
1194,Situations - Complications
1195,Size Matters
1196,Skank Down
1197,Skinny Genes
1198,Sleeping Time
1199,Slow Day
1200,Slow Down Gandhi
1201,Smiley Faces
1202,So Much For My Sad Song
1203,So Much Love
1204,So Near
1205,Some Constellation (1)
1206,Somewhere Over The Rainbow
1207,Soul Shakedown
1208,Souviens-Toi Du Jour
1209,Soy Asi
1210,Special Lady
1211,Spitfire (Album Version)
1212,Squeeze Me
1213,St. Sebastian
1214,Stacy's Mom
1215,Standing Strong
1216,Starchild
1217,Starfall
1218,Starlight
1219,Stars (From The Mount Wilson Observatory) (Remix)
1220,Steal Away
1221,Step On
1222,Stinkin' Thinkin'
1223,Stir Up The Bass
1224,Stranded
1225,Strasbourg   St. Denis
1226,Strawberry Avalanche
1227,Stray Cat Strut
1228,Streets Alone
1229,Stuttgart
1230,Suddenly I See
1231,Suficiente Tiempo
1232,Suite_ Judy Blue Eyes [Live LP Version from Four-Way Street]
1233,Summertime
1234,Sunday Bloody Sunday
1235,Sunny Hours
1236,Sunny Inside
1237,Sunshine Of Your Love
1238,Supersonic Speed
1239,Surgelator Action
1240,Surprise Hotel
1241,Surrender (Ultamix)
1242,Sweet Disposition
1243,Sweet Love
1244,"Sweet Talk, Sweet Talk"
1245,Sweetness (1 12 1969)
1246,Swordfish (Album Version)
1247,Take It Easy
1248,Take Me Out
1249,Take Your Mama
1250,Tane Mahuta
1251,Tears of Joy
1252,Technohead - I Wanna Be A Hippy
1253,Temptation
1254,Tennessee Gem
1255,Terrible Thought
1256,That Green Gentleman [Things Have Changed] (Album Version)
1257,That's Because You Drive Me
1258,The Battle Of The Boy Least Likely To
1259,The Bay Bridge Club
1260,The Beach Song (1)
1261,The Birds Were Singing With All Their Might
1262,The Curse Of Saul
1263,The Door
1264,The End Of The Asterisk
1265,The Fantasy
1266,The Imposter
1267,The Incidentals
1268,The Irish Rover
1269,The Lady Is A Tramp
1270,The Laws Have Changed
1271,The Luckiest Guy On The Lower East Side
1272,The Magic Position
1273,The Monitor
1274,The Morning After (Radio Edit)
1275,The New Pollution
1276,The Next Time Around
1277,The Only One I Know
1278,The Painter
1279,The Promised Land
1280,The Pros And Cons Of Breathing (Album Version)
1281,The Real Thing
1282,The Remedy (I Won't Worry) (LP Version)
1283,The Rescue (Album Version)
1284,The Rub Off
1285,The Second Summer Of Love
1286,The Show
1287,The Story
1288,The Theme from Gold Digger
1289,The Thought Of Her
1290,The Wallflower
1291,The Way I Am
1292,The Year Of Purification
1293,The Youth
1294,Them Kids
1295,These Words
1296,They Don't Want Music
1297,Things
1298,Thinking 'Bout Somethin'
1299,Third Immortal
1300,This Charming Man
1301,This City Is Contagious (Album Version)
1302,Time To Make Up Your Mind
1303,Time To Pretend
1304,Time Wont Take Away
1305,Timewaster
1306,Too Shy
1307,Tornar A Casa
1308,Touchdown Turnaround (Don't Give Up On Me)
1309,Tree By The River
1310,Treehouse
1311,Trolley Wood (Album Version)
1312,Trumpalump
1313,Tunnel Of Love
1314,Turn Around (extended version)
1315,Tu╠ü primero
1316,TV Fantasies
1317,Twice If You're Lucky
1318,Twilight
1319,Two Against One (feat. Jack White)
1320,Typing (LP Version)
1321,Ubahnlinie 2
1322,Ubermorgenland
1323,Umbrella
1324,Un poble viu
1325,Una Storia Che Vale
1326,Upside Down
1327,Urban Dreams
1328,Valerie
1329,Valley Boy
1330,Vamos A Volar
1331,Vanishing Glory
1332,Va╠êxeln halla╠è
1333,Vehicle (LP Version)
1334,Verru╠êckte Jungs
1335,Viaje A Los Suen╠âos Polares
1336,Violent Dreams
1337,Walking In Memphis
1338,Walking On A Dream
1339,Walking On Sunshine
1340,Warmer Than Fire
1341,Warriors
1342,Wasted
1343,Watery Hands
1344,We Are Family
1345,We Are Having a Hootenanny
1346,We Sleep In The Ocean
1347,We Talk Like Machines
1348,We Were Sick
1349,We Will Rock You
1350,We're From Barcelona
1351,Wear My Hat  (LP Version)
1352,Wedding Bell Blues
1353,Weekend!
1354,Weight Of The World
1355,Welcome Home
1356,Wet Welly
1357,Whatever
1358,When I Think Of You
1359,When It All Falls Apart (Album Version)
1360,When The Night Feels My Song
1361,Where Love Lives (Come On In)
1362,Whirring
1363,White Shoes (LP Version)
1364,"Who Is It (Carry My Joy On The Left, Carry My Pain On The Right)"
1365,Wild at Heart
1366,Wir beide
1367,Woman Of The Sun
1368,Wonderful Days
1369,Wonderful World
1370,Wonderlust King
1371,World Clique
1372,X-Ray Eyes
1373,"Yeah, I'm In Love With An Android"
1374,Yellin' In My Ear
1375,Yes U Can
1376,Ye╠Çgelle╠ü Tezeta
1377,You Are The One
1378,You Are The Only One I Love
1379,You Can't Fool Me Dennis (Album version)
1380,You Gave Me Love
1381,You Make Me A Better Man
1382,You Pick Me Up
1383,You! Me! Dancing!
1384,You're Shining
1385,Young Folks
1386,Your Biggest Fan
1387,Your Hand In Mine
1388,Your Soul Is A Pilot
1389,Zawsze gdzies czeka ktos
1390,Zuecos
1391,132
1392,19-2000
1393,1979
1394,2 Perdidos
1395,20 minutes
1396,30
1397,42nd & 6th
1398,05-05-07
1399,A Dream About You
1400,A Go Go
1401,A Moment Like This
1402,A Night In Lenasia
1403,A Question Of Heaven
1404,A Space Boy Dream
1405,A Surface Pest
1406,A Tear In The Open
1407,A Therapy For Pain (Album Version)
1408,Abandoned
1409,Acabou Chorare
1410,Africa Unite
1411,After All
1412,After The Gold Rush
1413,Agnus Dei
1414,Aicha
1415,Aika Multaa Muistot (everything Is Nothing)
1416,Airbag
1417,Airwave (RANK 1 vs. Dutch Force Remix)
1418,Aiwa
1419,Alas del Aguila
1420,All Apologies
1421,All At Once
1422,All I Need
1423,All The Same
1424,All The Way (2003 Digital Remaster)
1425,All We Are
1426,Allemande
1427,Alloway Grove [Live At Isle Of Wight Festival] (EP Version)
1428,Alma
1429,Alone In Kyoto
1430,Alone Tonight
1431,AloneÔÇª
1432,Alpha Wave (Plastikman Acid House Mix)
1433,Already There
1434,Always
1435,Amazon Dawn
1436,Amsterdam
1437,And It's Supposed To Be Love
1438,Angel
1439,Angelika (Album Version)
1440,Another Hero Lost (album version)
1441,Anyone That's Yet To Come
1442,Arizona
1443,Around The Bend
1444,As a Flower Blossoms (I Am Running to You)
1445,As Coisas
1446,As Serious As Your Life
1447,As The Rush Comes (Radio Edit)
1448,Ascension (Album Version)
1449,At The Bottom Of Everything (Album Version)
1450,Atoms For Peace
1451,Augustine
1452,Aurora
1453,Autoretrato de notas
1454,Autumn Leaves
1455,Autumn [Album Version]
1456,Babylon
1457,Bad Day (Album Version)
1458,Bad News
1459,Bamboleo
1460,Banizm (Outro)
1461,Barber's Adagio For Strings (Original Version)
1462,Barbie Girl
1463,Be Yourself
1464,Beautiful (Extended)
1465,Beautiful Life
1466,Beautiful Things
1467,Beautiful
1468,Beauty Of The Beast
1469,Bed Abuse (LP Version)
1470,Before It Started
1471,Before The Vision
1472,Behind Silence
1473,"Belle   Banana Pancakes - Paris, France"
1474,Bend & Break
1475,Berlin By Overnight
1476,Best Day
1477,Better Now
1478,Better Than Sunshine
1479,Better Together
1480,"Bewitched, Bothered And Bewildered"
1481,Beyond Time
1482,Bike (Edit) (2001 Digital Remaster)
1483,Bite The Hand That Bleeds (Album Version)
1484,Black Sunday
1485,Blame It On Me (Album Version)
1486,Blame It On The Sun
1487,Bleeding Love
1488,Blue Eyed Soul
1489,Blue Period
1490,Boat Behind
1491,Bonfires
1492,Brahma Nandam
1493,Brain Damage (2011 - Remaster)
1494,Breakout
1495,Breathe Me
1496,Breathe
1497,Breathless
1498,Bridge Over Troubled Water
1499,Brown Eyed Girl
1500,Buffalo Soldier
1501,Burned With Desire
1502,Bye And Bye
1503,Cafe╠ü Del Mar
1504,Call Me What You Like
1505,Cantoluna
1506,Caravan
1507,Carnival Town
1508,Cascade
1509,Catalina
1510,Celia Inside
1511,Central Plain
1512,Chaco Canyon
1513,Changes
1514,Chase The Sun
1515,Cherry Blossom Girl
1516,Circles From The Rue Simon - Crubellier
1517,Circuit Breaker
1518,Circular Symetry
1519,City Of Angels
1520,Clint Eastwood
1521,Clive the runner
1522,Clocks
1523,Closer
1524,Cohkka
1525,Cold Cold Heart
1526,Collide
1527,Collides With Beauty
1528,Colour The World
1529,Come Back And Stay
1530,Come Back Home
1531,Come Break The Mold
1532,Come On Baby
1533,Come Rain Or Come Shine [The Frank Sinatra Collection]
1534,Conclusion
1535,Connected (Motomix_05) (Radio Edit)
1536,Constellations
1537,Contato Imediato
1538,Continuum
1539,Cornflake Girl (LP Version)
1540,Crayons 2004 (Leama & Moor Mix)
1541,Crimson Morn
1542,Crockett┬┤s Theme
1543,Crucify (LP Version)
1544,Cumulus
1545,Da Aurora Ate╠ü O Luar
1546,Daddy's Girl
1547,Dangerous Power [Mix Cut]
1548,Daydream
1549,Dear Sun
1550,Deat Beat (Album Version)
1551,Deathzone
1552,Deora Ar Mo Chroi╠ü
1553,Descend The Shades Of Night (Album Version)
1554,Deseos De Cosas Imposibles
1555,Destiny
1556,Dhijaz
1557,Di Eagle An' Di Bear
1558,Diavolo
1559,Digital
1560,Dim The Lights
1561,Disenchanted Lullaby
1562,Doll Is Mine
1563,Dominique (1995 Digital Remaster)
1564,Don't Cry Baby (acoustic)
1565,Don't Panic
1566,Don't You (Forget About Me) (2001 Digital Remaster)
1567,Douwayra
1568,Down To The River To Pray
1569,Downfall (Album Version)
1570,Draumkvedet
1571,Dreamcatcher
1572,Dreaming Of You
1573,Dreaming
1574,Drink Before The War
1575,Drive (LP Version)
1576,Drop The Pressure
1577,Dry Kids
1578,Earth
1579,Echo Of My Scream (Album Version)
1580,Een of andere dag
1581,El Mariner
1582,El Sonido De Tu Voz
1583,Elegant View
1584,Elizabeth
1585,Ellen David
1586,Elucidation
1587,Emotion 98.6
1588,Empty House
1589,Empty State
1590,Empty Streets
1591,Endless Love
1592,Eu Na╠âo Sou Da Sua Rua
1593,Euphotic
1594,Evangeline
1595,Every Morning
1596,Everybody's Changing
1597,Everything Happens To Me
1598,Eyes Of Blue
1599,F.E.A.R.
1600,Fable
1601,Fahrenheit 451
1602,Famous Blue Raincoat
1603,Faraway
1604,Farewell
1605,Feel Alive (Alternative Radio Mix)
1606,Feelin' Alright
1607,Feeling Good
1608,Fever
1609,Fingerprints (Album Version)
1610,Fire And Rain  (LP Version)
1611,Fljo╠ütavi╠ük
1612,Flowers In Chaos
1613,Flowing With the Tea
1614,Fly People Fly
1615,Folon
1616,For A Thousand Years
1617,For the Joy of It All
1618,Forced In
1619,Forever In Love
1620,Forever Loving Jah
1621,Forever Today
1622,Forever
1623,Forget Her
1624,Fountains And Tramways
1625,Fragile
1626,French Lullaby (1995 Digital Remaster)
1627,Frog
1628,Full Of Stars
1629,Futures
1630,Gabriel
1631,Gazebo (LP Version)
1632,Gender Bombs (Album Version)
1633,Gettin' Around
1634,Getting Closer
1635,Ghir Enta
1636,Ghost Of Freedom
1637,Ghost
1638,Gloomy Sunday
1639,Go Let It Out
1640,Go Tell It To The Trees Egghead
1641,God Moving Over The Face Of The Waters [LP Version]
1642,Gone Again
1643,Greatest Mistake featuring John Oates & Jamie Cullum (Album Version)
1644,Greece 2000
1645,Green-Tinted Sixties Mind
1646,Guilty Of Love
1647,Guitarland
1648,Gymnopedie
1649,Hairy Trees
1650,Halcyon
1651,Happy Phantom (2006 Remastered LP Version)
1652,Haq Ali Ali
1653,Hard To Concentrate (Album Version)
1654,Harlequin
1655,Have I Told You Lately That I Love You
1656,Hear (Laguna Beach Mix)
1657,Heart Songs
1658,Heartbeats
1659,Heartshaped Abyss
1660,Heartstopper
1661,Heat
1662,HEATWAVE
1663,Heaven's In New York
1664,Here Comes My Girl
1665,Here With Me
1666,Here's That Rainy Day
1667,Hero Of The Day
1668,Hey There Delilah
1669,Higher
1670,Hold Tight London
1671,Hold Yr Terror Close
1672,Hole In The World  (Stereo Mix)
1673,Honestly (Album Version)
1674,Honey-dipped
1675,Hong Kong
1676,Hours of Wealth (Album Version)
1677,Hunter (LP Version)
1678,Hunting High And Low (Album Version)
1679,Hymn [LP Version]
1680,Hype
1681,I Can't Stop Loving You
1682,I Don't Care
1683,I Don't Know Why
1684,I Hear A Rhapsody
1685,I Hear the Bells
1686,I Hope You Dance
1687,I Like The Way
1688,I Still Haven't Found What I'm Looking For
1689,I Wanna Love You
1690,I want you
1691,I Was Just Thinking
1692,I Will Follow You into the Dark (Album Version)
1693,I'll Walk Beside You
1694,I've Got The World On A String
1695,Ice Cream
1696,Ide╠ü Were╠ü Were╠ü
1697,If Ever I Would Leave You
1698,If You Shout
1699,Illumination of the Heart
1700,Imagination
1701,In a Sentimental Mood
1702,In My Arms
1703,IN MY DREAMS
1704,In My Life
1705,In My Place
1706,In Space
1707,In The Cool Dark Night
1708,In The High Valleys
1709,In The Ocean
1710,In the Wee Small Hours of the Morning
1711,In Wonder
1712,Inertia
1713,Init
1714,Innocence
1715,Interloper
1716,Interlude
1717,Into Forever
1718,Into The Fire
1719,Into the Ocean
1720,Iron Lion Zion
1721,It Never Entered My Mind (Rudy Van Gelder) (1998 - Remaster)
1722,It's Now or Never
1723,It's Snowing
1724,Its Caption Was A Star
1725,Jabuticaba
1726,Jacksonville
1727,Jammin'
1728,Jazz Musician
1729,Jeep On 35
1730,Jellyfishes
1731,Jenny Don't Be Hasty [Album Version]
1732,Join Me In Death
1733,Jump Into This (The OC Mix)
1734,Just The Way You Are
1735,Just Watch The Fireworks
1736,Kanan neni
1737,Karin
1738,Karu
1739,Keep Me Here
1740,Keep On Rising [Husky's Random Soul Vocal Mix]
1741,Kelly Watch The Stars
1742,Kids Will Be Skeletons
1743,Kounandi
1744,Kropki kreski
1745,La Primavera
1746,Lady Of The Moon
1747,Laidu
1748,Lakes Of Canada
1749,Lamp Mien
1750,Landscape
1751,Last Goodbye
1752,Last Living Souls
1753,Last Request (album version)
1754,Laytana
1755,Lazy Lover
1756,Le soleil est pre╠Çs de moi
1757,Least Complicated
1758,Leaving Town
1759,Les jours tristes (Instrumental)
1760,Let It Go
1761,Let Your Troubles Roll By
1762,Let's Fall In Love
1763,Like A Star
1764,Like The Sun
1765,Listen To What The Man Said
1766,Little Girl (1990 Digital Remaster)
1767,Loneliness
1768,Lonestar
1769,Long Gone
1770,Look What You've Done (Album Version)
1771,Looking As You Are
1772,Lost Watch
1773,Lost You Somewhere
1774,Lost
1775,Louder Than Thunder
1776,"Love Hides (Live in Pittsburgh, May 2, 1970)"
1777,Love Letters
1778,Love Love Love
1779,Love Somebody
1780,Love Song
1781,Love The One You're With [Live LP Version from Four-Way Street]
1782,Love You But You're Green
1783,"Lover, You Should've Come Over"
1784,Loving You [Album Version]
1785,Lua Vermelha
1786,Lullaby (Album Version)
1787,M
1788,Mad Rush
1789,Maiden Journey
1790,Maith Dhom
1791,Make Luv (Radio Edit) (Feat. Oliver Cheatham)
1792,Malaguena Salerosa (1995 Digital Remaster)
1793,"Mama, My Woman"
1794,Man
1795,Marks
1796,Maybe We're There
1797,Mbube
1798,Measuring Cups
1799,Mellon Collie And The Infinite Sadness
1800,Melodia Africana III
1801,Mesmerised
1802,Message To My Friend
1803,Midnight At The Oasis
1804,Million Faces (Album Version)
1805,Misery In Me
1806,Modlitwa III -Pozwol Mi (2003 Digital Remaster)
1807,Moksha Vachan
1808,Moola Meditation
1809,Moola Prayer
1810,More Than A Feeling
1811,More Than Ever People
1812,Moroccan Taxi
1813,MOS 6581
1814,Moten Swing (Remix)
1815,Mother
1816,Mounei╠êssa
1817,Move Mania
1818,Musclecars
1819,Mutual Slump
1820,My Day
1821,My Funny Valentine
1822,My Heartfelt Dream
1823,My lexicon
1824,My Sundown
1825,Mysterious Skies
1826,Mysterious Times
1827,Name Taken
1828,Natrani (Queen Of Dance - First Or Root Chakra)
1829,Na╠âo Vou Me Adaptar (Participac╠ºa╠âo Especial_ Nando Reis) (Participac╠ºa╠âo Especial_ Nando Reis)
1830,Never-ending Story (Album Version)
1831,New Deep
1832,New Shoes (Album Version)
1833,Next Time I Love
1834,Nightfall (Remastered)
1835,No Education
1836,No Fusion Generation
1837,"No Woman, No Cry"
1838,Norway
1839,Nossa Bagda╠ü
1840,Not Enough Time
1841,Not Even Stevie Nicks...
1842,Not Even Stevie Nicks
1843,Now That It's Over
1844,Nukkuu kedolla
1845,Num Dia
1846,O Que Voce╠é Quer Saber De Verdade
1847,Ocean Of Wisdom
1848,Ohio [Live LP Version from Four-Way Street]
1849,Old Love
1850,Olsen Olsen
1851,Om Bhagavan
1852,On A Slow Boat To China
1853,One May Change
1854,One Of These Days
1855,Only Time Will Tell
1856,Open Arms
1857,Ordinary Day
1858,Oscar Said
1859,Oton╠âo Medieval
1860,Out Of Nowhere
1861,Out Of Our Lives
1862,Out Of The Blue
1863,Out Of Tune
1864,Over In Love [LP Instrumental]
1865,Over The Hills And Far Away  (Album Version)
1866,Over the Rainbow
1867,Pain Becomes Me
1868,Painter Song
1869,Pale Green Things
1870,Pallar Anders Visa
1871,Pandora's Aquarium  (LP Version)
1872,Paperthin Hymn
1873,Papua New Guinea (12_ Version)
1874,Paradise
1875,Paris Four Hundred
1876,Passing Cloud
1877,Pata Pata (Album Version)
1878,Peace
1879,Peaches and Cream
1880,Peep Show
1881,Perfect (Album Version)
1882,Pictures Of You
1883,Play Dead
1884,Playing For Time
1885,Plus Je T'Embrasse
1886,Polaris
1887,Polyrytmi
1888,Pompidou
1889,Poppy
1890,Praise You
1891,Principles Of Lust (Radio Edit)
1892,Purple Haze
1893,Push The Limits (133 Bpm) (ATB Remix)
1894,Putita
1895,Qualquer
1896,Quattro (World Drifts In)
1897,Quiet Now
1898,Quutamo
1899,Race Car Driver
1900,Radio Toure
1901,Raoui
1902,Razzle Dazzle Rose
1903,Red Cat
1904,Redemption Song
1905,RelaxinÔÇÖ with cherry (Dimitri From Paris & Bibi Remix)
1906,Remind Me (Radio Edit)
1907,Renegade
1908,Resurrection
1909,Return To Innocence
1910,Return To Russia
1911,Revelry
1912,Rewind [Album Version]
1913,Riddle In Londontown (Live)
1914,Right where it ends
1915,Road Trippin' (Album Version)
1916,Roads
1917,Romance For Violins In F Major
1918,Romatic Tropical Beach
1919,Round Midnight
1920,Ruled By Secrecy
1921,Run
1922,Running
1923,Saltwater
1924,Same Sad Refrain
1925,Sanctuary Birds
1926,Santo Domingo
1927,Sargasso Sea
1928,Say It (Over And Over Again)
1929,Say What
1930,Scar Tissue (Album Version)
1931,Schiller
1932,Scrapple From The Apple
1933,Secret Vows
1934,Seeing Things [Extended 12_ Version]
1935,September Fifteenth
1936,Serenade
1937,Seven Cities
1938,Seventeen Eights
1939,Shadow to Light
1940,She Don't Use Jelly
1941,She Likes To Watch
1942,Shine A Light
1943,Shivers
1944,Short Round's Theme
1945,Shut Your Eyes
1946,Shwazz
1947,Since I Don't Have You
1948,Sirens Of The Sea
1949,Slaapwagen
1950,Sleeping Sun
1951,Smile (Album Version)
1952,Smile
1953,Smokin' Japanese Babe
1954,Snowed Under
1955,So I Finally Decided to Give Myself a Reason
1956,So Lonely
1957,Soft Music Under The Stars
1958,Sojourner (Christopher of the Wolves)
1959,Soldier's Poem
1960,"Soma (Live in London, 1994)"
1961,Some Kind Of Wonderful
1962,Somebody To Touch Me
1963,Someday We'll All Be Free
1964,Someone Above
1965,Someone
1966,Something Left To Give
1967,Somewhere Only We Know
1968,Son of Pain
1969,Song For You
1970,Sou
1971,Souka Nayo (I Will Follow You)
1972,Soukora
1973,Soulfly (Album Version)
1974,Soulfly II (Album Version)
1975,Soulfly III (Album Version)
1976,Soulfly IV (Album Version)
1977,Southampton Dock (2011 - Remaster)
1978,So╠êmnen
1979,Sparks
1980,Spend A Lifetime
1981,Spirit
1982,Splendido Sundance
1983,Still In Love
1984,Straight Lines
1985,Strange Transmissions
1986,Stranger On This Planet
1987,Structures From Silence
1988,Sugar Man [Single Version]
1989,"Summer (the Laguna Beach, OC Mix) (Pre-Release Laguna Beach Mix)"
1990,Sun & Moon
1991,Sunday (Clean)
1992,Sunshine (That Acid Summer)
1993,Sunshine
1994,Sunworshipper
1995,Supersede
1996,Sur le fil
1997,Sweet Song
1998,Swim With Sam
1999,Symsonic
2000,Take Five
2001,Take On Me
2002,Take Ten
2003,Take your time (full relaxed mix)
2004,Tallulah
2005,Tangoa
2006,Taruca
2007,Team Mate
2008,Tears From The Moon
2009,Technicolor Girls
2010,Teenage Spaceship
2011,Televators
2012,Tell Me Baby (Album Version)
2013,Temperamental (Original Mix)
2014,Terrapin
2015,The All Seeing Eye (Rudy Van Gelder 24Bit Mastering) (2000 Digital Remaster)
2016,The American Dream
2017,The Burning Red (Album Version)
2018,The Clap
2019,The Drift
2020,The Ecstasy Of Gold
2021,The End (Album Version)
2022,The End Of Everything (Album Version)
2023,The Final Countdown
2024,The Gift
2025,The Great Gig In The Sky (2011 - Remaster)
2026,The Heretic (Evol Intent Remix)
2027,The Lengths
2028,The Magnificent Tree
2029,The Mass
2030,The Model (2009 Digital Remaster)
2031,The Nurse Who Loved Me
2032,The Only Child (LP Version)
2033,The Pierced Spirit
2034,The Power of Love
2035,The Preacher
2036,The Priest
2037,The promise
2038,The Rain Song (Album Version)
2039,The Ringleader
2040,The Smile
2041,The Song Is You (Live) (1990 Digital Remaster)
2042,The Summer
2043,The Sweetest
2044,The Three Faces Of Balal
2045,The Unraveling
2046,The Way I Feel (Not Our Master)
2047,The Way You Want It
2048,Them That Got
2049,These Points Balance
2050,These Streets [Album Version]
2051,They Don't Know
2052,Thinking of Omara
2053,Thinking Of You
2054,This Is The Last Time
2055,"This One (Laguna Beach, Ocean Avenue, O.C. mix)"
2056,Those Sweet Words
2057,Three May Change
2058,Through The Walls
2059,Time Alone (Samix Instrumental)
2060,Time In A Bottle
2061,To The End Of The Earth
2062,Today
2063,Todii
2064,Tornado ( LP Version )
2065,Touch
2066,Town Called Malice
2067,Track One
2068,Transatlanticism
2069,Trash (Interlude)
2070,Tri-State
2071,Tu Guardian
2072,Tub Of Love
2073,Tvameva
2074,Twilight
2075,Two May Change
2076,Two Weeks
2077,Under Orion
2078,Under The Bridge
2079,Unfinished Sympathy
2080,Untitled Three
2081,Valerie
2082,Variations on a Theme from Pachelbel's Canon in D Major
2083,Vienna
2084,Village Songs
2085,Violeta
2086,Viscacha
2087,Voodoo Jammin (Kinski Ambient House Mix)
2088,Waiting
2089,Walk Away
2090,Walk on the wild side
2091,Walking After You
2092,Walnut Tree
2093,Waltzing with Beethoven_ Sonata Pathetique
2094,Water Ballet
2095,Wayout!
2096,We Are But Falling Leaves
2097,We Are Nowhere And It'S Now (Album Version)
2098,We Might As Well Be Strangers
2099,We Never Change
2100,We'll Meet Again
2101,Wealth of Nature
2102,Wear You Out
2103,Weaver Of Dreams (Rudy Van Gelder 24Bit Mastering) (1961 Digital Remaster)
2104,Wet Sand (Album Version)
2105,What It's Like
2106,When I Fall In Love
2107,When The Children Cry
2108,When Your Lover Has Gone
2109,Where I Go (LP Version)
2110,Where Paths Meet (from Beyond the Sundial)
2111,Whispers In The Dark
2112,White Houses
2113,White Lies [Album Version]
2114,Who By Fire
2115,Whole New Me
2116,Whole Wide World
2117,Why DonÔÇÖt You Spend The Night
2118,Wichita Sutra Vortex
2119,Wild Horses
2120,Wild Rice
2121,Winter
2122,Winternight
2123,Witch Doctor
2124,Wolf At The Door
2125,Wooden Heart
2126,Worrisome Heart
2127,Wreck Of The Edmund Fitzgerald (LP Version)
2128,Xpander
2129,Yo Soy De Mi Amado
2130,You Are The Worst Thing In The World
2131,You Can Have Me Anytime
2132,You Could Be Happy
2133,You Had Time
2134,You Would Have Loved This
2135,You're Beautiful
2136,You're Gonna Miss Me
2137,Your Eyes Open
2138,Your Hand In Mine
2139,Zero Gravity
2140,(Everything I Do) I Do It For You
2141,(Howl)
2142,(I Can't Seem To) Make You Mine
2143,1000 Things (Eagles Ballroom Live Version)
2144,3AM (LP Version)
2145,A Child Ill
2146,A Farewell To Arms (Explicit Album Version)
2147,"A Line Allows Progress, a Circle Does Not"
2148,A Lucky Escape
2149,A Needle In A Haystack
2150,A Perfect Sonnet
2151,A Real Cool Time
2152,A Sorta Fairytale
2153,Abnormally Attracted To Sin
2154,About Today (Live)
2155,Absence
2156,Acronym Love
2157,Adrian (LP Version)
2158,Africa
2159,After All This Time
2160,Afternoon
2161,Against All Odds (Take A Look At Me Now)
2162,Ain't It Funny
2163,Aldatma
2164,Alive
2165,All Cats Are Grey
2166,All I Ever Wanted
2167,All I Have To Do Is Dream
2168,All I Wanna Do Is Make Love To You (2000 Digital Remaster)
2169,All Our Summer Songs (LP Version)
2170,All Out Of Love
2171,All Things Must Pass
2172,Alloway Grove [Live At Isle Of Wight Festival] (EP Version)
2173,Allt vad vi pa╠è jorden a╠êge
2174,Almost Lover
2175,Alone
2176,Already Dead
2177,Alyssa Lies
2178,And Now The Day Is Done
2179,Angel
2180,Angelene
2181,Angelheart
2182,Anna-Liisa
2183,Another World
2184,Anywhere I Lay My Head
2185,Apart
2186,Apparitions
2187,April
2188,Aquello Que Me Diste
2189,Aries
2190,Around The Bend
2191,Asleep
2192,Assassine
2193,Ausencia
2194,Automatic Feelings
2195,Autumn Leaves Revisited
2196,"Baby, Don't You Break My Heart Slow"
2197,Bad Diary Days
2198,Bad News
2199,Ballade des dames du temps jadis
2200,Beauty And The East
2201,Bedspring Kiss
2202,Behind
2203,Beside You (LP Version)
2204,Better Without You
2205,Between You And I (Album)
2206,Bibo no Aozora-Endless Flight and Babel
2207,Binge
2208,Bitter Sweet (1999 Digital Remaster)
2209,Black & Blue
2210,Black Balloon (Album Version)
2211,Black Cloud
2212,Black
2213,Blame The Moon (LP Version)
2214,Bleeding Heart
2215,Bless The Broken Road
2216,Blue And Yellow (Album Version)
2217,Blue Sky Blues
2218,Born On A Train
2219,Bottom Feeders
2220,Boys Will Be Boys
2221,Bo╠êser Wolf
2222,Breathe Me
2223,Brief Is The Light
2224,Brightly
2225,Broke Up By Night
2226,Broken (Featuring Amy Lee)
2227,Broken Heart
2228,Broken Piano Pt.2
2229,Broken Sonnet
2230,Build A Bridge
2231,Bye Bye Blackbird
2232,Call Me Home
2233,Can't Cry Hard Enough (Album Version)
2234,Can't Fall In Love
2235,Can't Find My Way Home
2236,Cancer (Album Version)
2237,Cannonball
2238,Careless Whisper
2239,Carnage
2240,Caving in
2241,Celestica
2242,Changing Of The Seasons
2243,Chasing Pavements (album)
2244,Clement Danes
2245,Clothes Of Sand
2246,Clowns
2247,Coast to Coast
2248,Coldest Winter
2249,Colorblind
2250,Colors And The Kids
2251,Come Back To Me
2252,Come Home (Album Version)
2253,Complete Shakeup
2254,Compliments (Shibuyaka Remix by Nick Zinner)
2255,Congratulations
2256,Corner of Your Heart
2257,Cose Della Vita (Can't Stop Thinking Of You)
2258,Cover My Eyes
2259,Crawling (Album Version)
2260,Creep (LP Version)
2261,Cries On The Wind
2262,Crocodile
2263,Crossroads
2264,Cry A Tear
2265,Crying In The Rain
2266,Crying Won't Help You
2267,Danger - Keep Away (Album Version)
2268,Darkness
2269,Darling Be Home Soon
2270,De Tha Meino
2271,Dead And Lovely
2272,Deadlocked
2273,Dear god
2274,Dear John
2275,Dear Katie (Single Version)
2276,Death And All His Friends
2277,Death Is The End
2278,December Baby
2279,Deception Falls
2280,Deep Blue Sea (Daniel Rossen home recording)
2281,Deep Inside Of You (2006 Remastered LP Version)
2282,Deeper Into You
2283,Delilah (Album Version)
2284,Der Einsame
2285,Der Himmel kann warten
2286,Desert Song (Album Version)
2287,Die Without You
2288,Different Ways
2289,Discovering the Waterfront
2290,Do Kolyski
2291,"Don't Cry Joe (Let Her Go, Let Her Go)"
2292,Don't Destroy This Night
2293,Don't Kiss Me Goodbye
2294,Don't Let Me Be Misunderstood
2295,Don't Let The Teardrops Rust Your Shining Heart
2296,Don't Look Back
2297,Don't Take My Love
2298,Don't You Cry
2299,DonÔÇÖt You Remember
2300,Down Where I Am
2301,Dreams (LP Version)
2302,Dry Your Eyes (Album version)
2303,Dumb
2304,Dyed in the Wool (Album Version)
2305,Dziele Na Po╠ül
2306,"Eight Flew Over, One was Destroyed"
2307,Elizabeth on the Bathroom Floor
2308,Emergencia De Amor
2309,Ena Dakri
2310,End Of The Sky
2311,Engel Zu Staub
2312,Epitaph For My Heart
2313,Eros' Entropic Tundra (LP Version)
2314,Es geht vorbei
2315,Ese hombre
2316,Etre pretre et aimer une femme
2317,Ett slag fo╠êr dig
2318,"Eve, The Apple Of My Eye"
2319,Everest
2320,Everybody Hurts (Album Version)
2321,Everything I Once Had
2322,Faery Child
2323,Fais Comme Tu Veux
2324,Falling In Love
2325,Far Away
2326,Faster Than The Setting Sun
2327,Fee Fi Fo
2328,Fico Assim Sem Voce╠é
2329,Fight The Feeling
2330,Fire And Rain  (LP Version)
2331,Fireworks
2332,First Day Of My Life (Album Version)
2333,Fits And Starts
2334,Five Little Fingers
2335,Five-O
2336,Fix You
2337,Flint (For The Unemployed And Underpaid)
2338,Flor D'Luna (Moonflower)
2339,Flugzeuge Im Bauch (Live)
2340,Flying High
2341,Fool
2342,For My Fallen Angel
2343,For You
2344,Forest Of October (live)
2345,Forever Yours (Single Version)
2346,Forget Her
2347,Full Of Grace
2348,Funeral Song
2349,Georgia On My Mind
2350,Get Back
2351,Getting Over You
2352,Ghost Of You And Me
2353,Girl From The North Country
2354,Girl Like You
2355,Girls Don't Cry
2356,Global Cut
2357,Gocce Di Memoria
2358,Good Times Are Gone
2359,Goodbye Friend
2360,Goodbye My Lover
2361,Goodbye
2362,Goodnight Goodnight
2363,"Goody, Like Two Shoes (Album Version)"
2364,Grace
2365,Gravity
2366,Hallelujah
2367,Hands Away
2368,Hands Of Time
2369,Harmony No Harmony
2370,Have You Seen That Girl
2371,Hear You Me
2372,Heartbeats
2373,Heavily Broken (Live Version)
2374,Here Today
2375,Here Without You
2376,Herida
2377,Heroic
2378,Hey You (2011 - Remaster)
2379,Hidden Song
2380,High Above The Ground
2381,High Hopes (2011 - Remaster)
2382,Higher Power
2383,History (Album Version)
2384,Hjartao hamast
2385,Hold On
2386,Hold You In My Arms
2387,Holding Someone's Hair Back
2388,Honey And The Moon [New Radio Edit]
2389,"Honor, Honor"
2390,Horses In My Dreams
2391,Hotel Song (Album Version)
2392,How Long
2393,How's It Going To Be (LP Version)
2394,Hurt You So Bad
2395,Hurt
2396,Hypnotize (Short Version)
2397,I Am Drunk on Mine
2398,I Can't Unlove You
2399,I Couldn't Love You Anymore
2400,I Don't Believe You
2401,I Feel Like Going Home
2402,I Go Blind (Album Version)
2403,I Have Loved You Wrong
2404,I Love Creedence (instrumental)
2405,I Miss You So Much
2406,I Miss You
2407,I Must Have Been Blind
2408,I NEVER GO AROUND MIRRORS
2409,I Remember
2410,I See You Everywhere
2411,I Shall Believe
2412,I Still Believe In You
2413,I Still Believe
2414,I Want to Be with You
2415,I Want To Know What Love Is
2416,I Want You (LP Version)
2417,I Was Young When I Left Home
2418,"I'll Be A Virgin, I'll Be A Mountain"
2419,I'll Be Home For Christmas (Album Version)
2420,I'll Walk
2421,I'm Missing You
2422,I'm OK
2423,I'M Still Waiting
2424,I'm Through Trying To Prove My Love To You
2425,I've Been Lovin' You Too Long
2426,Ice Cream
2427,Icebox (LP Version)
2428,If I Wrote You
2429,If The World Ends
2430,If You Know What Love Is
2431,Il N'Y A Pas D'Amour Heureux
2432,Imagine
2433,In Another Life (Album Version)
2434,In Harm's Way
2435,In Mourning
2436,In Our Dreams
2437,In Two Minds
2438,In Your Arms
2439,Incantation
2440,Inner Silence
2441,Inside
2442,Intermission
2443,Iron
2444,Island feat. Caro (Noze Swimming Circles Rmx)
2445,Islands
2446,It Don't Matter
2447,It Must Have Been Love
2448,It Only Hurts When I'm Breathing
2449,It's A Bad Night To Be A Stray Dog
2450,It's Been Awhile
2451,J'Te Mentirais
2452,James
2453,jar of hearts
2454,Je Me Suis Fait Tout Petit
2455,Jed's Other Poem (Beautiful Ground)
2456,Jeff Black Song
2457,Jet Lag (Rock)
2458,Jets (Cupid's Kiss Vs. The Psyche Of Death) (2-Track Demo)
2459,Joe
2460,Johann Sebastian Bach_ Air
2461,Josephine
2462,Judas As Black Moth
2463,Julie
2464,Jupiter - Or Somewhere Out There
2465,Just A Friend
2466,Just Feel Better
2467,Just When I Needed You Most
2468,Kanon Und Gigue (Pachelbel)
2469,Kayleigh (1998 Digital Remaster)
2470,Kelsey
2471,Kilka Usciskow Kilka Snow
2472,King For A Day
2473,Klaunova zpoved
2474,"Koma - Eine Nacht, die niemals endet"
2475,Kopf hoch und Arsch in den Sattel
2476,Kung Ako Na Lang Sana
2477,L-O-N-E-L-Y
2478,La monture
2479,La Razon De Mi Ser
2480,La Verdad Es una Mentira en los Ojos de Quien la Mira
2481,Lagrimas De Mi Barrio
2482,Landed
2483,Landslide
2484,Last Laugh
2485,Last Time We Spoke
2486,Lemonworld
2487,Les Amours D'Antan
2488,Les Etoiles
2489,Les Me╠ümoires Blesse╠ües
2490,Let Her Cry (LP Version)
2491,Let It Die
2492,Let It Rain
2493,Let's Pretend
2494,Lever Pulled
2495,Lightbulbs
2496,Lil Rain - Adore You
2497,Lips Of An Angel
2498,Liquid Diamonds
2499,Listening To Otis Redding At Home During Christmas
2500,Little Eyes (Album)
2501,Little Understanding
2502,Littlest Things
2503,Locked Together
2504,Loneliest Person
2505,Lonely Girl
2506,Lose You
2507,Lost Cause
2508,Lost In The Woods (Album Version)
2509,Love Goes Home To Paris In The Spring
2510,Love Her
2511,Love Hurts
2512,Love's Requiem
2513,Love
2514,Lovelier Girl
2515,Lo╠êysa╠êla╠êisen laulu
2516,Luc(as)
2517,Ludwig Van Beethoven - Moonlight sonata
2518,Lund
2519,Maca E╠ê
2520,Mad World
2521,Make You Feel My Love
2522,Many Rivers To Cross
2523,Mask of Shame
2524,Maybe California
2525,Maybe Not
2526,Maybe Tomorrow
2527,Me And My Charms
2528,Me And My Lonely Room
2529,Me equivoque
2530,Me vs. Maradona vs. Elvis
2531,Mean
2532,Medicine Bottle
2533,Mediocre
2534,Meu Bem Querer
2535,Miami 2017
2536,Milk Thistle
2537,Miracle
2538,Miserable At Best (Album)
2539,Mixtape = Love
2540,Molina
2541,Moon River
2542,More Than Words
2543,Motorcycle Drive By (LP Version)
2544,Mr. Ambulance Driver (Album Version)
2545,Mr. Jones
2546,Mr. Pastorius
2547,Mutiny
2548,MY AIM IS YOU
2549,My Bell (Jung Ah Solo)
2550,My fear keeps god a-hiding
2551,My Immortal (Album Version)
2552,Names
2553,Natalia
2554,Navigate The Seas Of The Sun
2555,Needle In The Hay
2556,Neely O'Hara
2557,Nel Cielo E Nelle Altre Cose Mute (Do Largo) (1993 Digital Remaster)
2558,Never Is A Promise
2559,New Song
2560,New Star In The Sky
2561,Nicest Thing
2562,Niente di piu╠Ç
2563,Niki Fm
2564,No Air (Glee Cast Version)
2565,No Condition
2566,No Hay A Quien Culpar
2567,No Hay Otra Manera
2568,No Love Child
2569,No Man In The World
2570,No Money Down
2571,No One But You (Only The Good Die Young)
2572,No Place To Go
2573,Nobody Knows
2574,Nocturne
2575,Not As We (Album Version)
2576,Not The End
2577,Nothing Else Matters
2578,nothing lasts forever
2579,Now Or Never (Album Version)
2580,Numb (Album Version)
2581,Ode To Coincidence
2582,Oh God (Prayer)
2583,OHNE DICH
2584,Old Blacktop [Album Version]
2585,Olympic Airways [single version]
2586,On My Own
2587,"One Foot On The Gas, On Foot In The Grave"
2588,One Gun (Album Version)
2589,One Hundred Resolutions
2590,One Last Dance
2591,One Minute
2592,One
2593,Only When I Sleep ( LP Version )
2594,Ordinary World
2595,Otherside (Album Version)
2596,Oti Vrika Espasa
2597,Our Farewell (Album Version)
2598,Pain In Any Language
2599,Pain In My Heart
2600,Palavras Ao Vento
2601,Paljon kaunista sanomatta ja╠êa╠ê
2602,Paperthin Hymn
2603,Paralyze
2604,Passenger Side (LP Version)
2605,People
2606,Personal
2607,Pes Mou Ena Psema
2608,Petit herisson triste
2609,Photograph
2610,Pieces
2611,Plasma (Album Version)
2612,Playground Love
2613,Playing Favorites
2614,"Polygraph, Right Now! (Album Version)"
2615,Porcelain
2616,Pour Ne Pas Vivre Seul
2617,Pretty Girl At The Airport
2618,Promises
2619,Puisto puhuu
2620,Queen Misery
2621,R-Evolve
2622,Rainin' You
2623,Raining In Baltimore
2624,Razzle Dazzle Rose
2625,Ready For The World
2626,Realize
2627,Refra╠âo De Bolero
2628,Refuge (When It's Cold Outside)
2629,Relief
2630,Reunited
2631,re_stacks
2632,Road Regrets
2633,Roads
2634,Rollercoaster
2635,Rope of Sand
2636,Rosemary's Lullaby
2637,Rough Hands
2638,Ruby Falls (Album Version)
2639,Run Joey Run (Glee Cast Version featuring Jonathan Groff)
2640,Run
2641,Runaway
2642,Running To Stand Still
2643,Sad But True
2644,Sad Song
2645,Sad Song2
2646,Salvation
2647,Sans (re)Pe╠Çres
2648,Saturday
2649,Saving Us (Album Version)
2650,Say It Isn'T So
2651,Saying Goodbye
2652,Sea (Album)
2653,Seemann
2654,Seize The Day (Album Version)
2655,September Come Take this Heart Away
2656,September
2657,Set The Fire To The Third Bar
2658,Sexed Up
2659,She Don't Know Why
2660,She Won't Come Back
2661,She's Got a New Disguise
2662,She's Not There
2663,She's Out Of My Life (Album Version)
2664,Shine On (Digital Album Version)
2665,Shreen
2666,Shut Up
2667,Si Seulement Je Pouvais Lui Manquer
2668,Siamese Twins
2669,Simple Things
2670,Skeletons
2671,Skinny Love
2672,Sleep
2673,Sleeper 1972
2674,Sloop John B (1996 Digital Remaster)
2675,Slow Dancing In A Burning Room
2676,So Far Away
2677,So Sad
2678,So Said Kay
2679,So Sorry
2680,So You Wanna Be A Superhero
2681,Solace For The Lonely
2682,Soldier On
2683,Soldier's Poem
2684,Solitaire
2685,Something Called Love
2686,Something I Can Never Have
2687,Sometimes You Can't Make It On Your Own
2688,Sometimes
2689,Somewhere In My Broken Heart
2690,Song For Bob
2691,Song To The Siren (Album Version)
2692,Soon Love Soon
2693,Soon We'll Be Found
2694,Soulmate
2695,Sound Of Silence
2696,Speechless (Album Version)
2697,Springtime Fall
2698,Star Again
2699,Star Machine
2700,Stardust
2701,Starling
2702,Stephanie Says
2703,Stewart's Coat
2704,Stop Falling
2705,Strange World
2706,Street Tango
2707,Streets Of Philadelphia
2708,Strip My Mind (Album Version)
2709,Suburban War
2710,Suffer Little Children
2711,Sultans Of Swing
2712,Sun In The Night
2713,Sunday (The Day Before My Birthday)
2714,Sunshine
2715,Superstar
2716,Surrender (Album Version)
2717,Swiat Sie Pomylil (Radio Edit)
2718,Sympathetic Climate Control (Album Version)
2719,Syrup Of Tears
2720,TAJFUN 18
2721,Take You On A Cruise
2722,Takin' It There
2723,Tale
2724,Tales From A Winter To Come
2725,Tanto
2726,Taste Of Blood
2727,Tauschen gegen dich
2728,Te Puedo Escuchar
2729,Teardrops Will Kiss The Morning Dew
2730,Tears In Heaven
2731,Teeth
2732,Tell Me Why
2733,Temple Bar
2734,Tennessee Waltz
2735,Terra Fidelis
2736,Thank You (Dziekuje)
2737,The Absentee
2738,The Art Of Letting Go
2739,The Black Forest
2740,The Blower's Daughter
2741,The Boy Who Blocked His Own Shot
2742,The Burden Is Mine... Alone
2743,The Car In Front Of Me
2744,The Cave
2745,The Chosen Pessimist
2746,The Day Before The Day
2747,The Day I Turned Into A Ghost
2748,The Devil May Care (Mom & Dad Don't)
2749,The Devil-Tips
2750,The Distance
2751,The Door Is Always Open
2752,The Dreams You Left Behind (reprise)
2753,The Drugs Don't Work
2754,The End Of Heartache (Album Version)
2755,The End
2756,The Fall
2757,The First Days Of Spring
2758,The Fox
2759,The Freshmen
2760,The Funeral
2761,The Girl I Loved Before I Fucked
2762,The Good Life
2763,The Great Below
2764,The Green Fields Of France (No Man's Land) (Album Version)
2765,The Hard One
2766,The Haunting (Somewhere In Time)
2767,The Heart's Tremolo
2768,The Last Goodbye
2769,The Last Laugh
2770,The Last Resort  (LP Version)
2771,The Last Something That Meant Anything
2772,The Learning
2773,The Legacy  (LP Version)
2774,The Letter
2775,The Misery
2776,The New
2777,The Only Song
2778,The Pain Gets Worse
2779,The Prisoner
2780,The Promise (LP Version)
2781,The Queen And The Soldier
2782,The Rain Song (Album Version)
2783,The Shadow Of Your Smile
2784,The Suburbs
2785,The Sun Ain'T Gonna Shine Any More
2786,The Time I Was Daydreaming
2787,The Time Is Right For Love (2006 Digital Remaster)
2788,The Walk
2789,Then Go
2790,Therapy
2791,There's A Place For Us
2792,These Days
2793,Think Of You
2794,Thirteen Days
2795,This Beautiful Ache (Album)
2796,This Love
2797,This Year's Love
2798,Three Cheers For Five Years
2799,Three Cheers For Happiness
2800,Three Longers Later
2801,Thunder
2802,Time Away
2803,Tiny Tears
2804,To Live Is To Die
2805,To Ohio
2806,To Rid The Disease
2807,Todo Lo Que Soy
2808,Together
2809,Tongue (Album Version)
2810,Tonight's Music
2811,Too Bad
2812,Too Cold at Home
2813,Too Hurt To Dance
2814,Too Late
2815,Top Of The City
2816,Transporter
2817,Turning Tables
2818,TV Screen
2819,Two Beautiful Souls In A Crazy World
2820,Tytto╠ê on romuna
2821,Ultra Violet (Light My Way)
2822,Umbilical
2823,Underneath Your Clothes
2824,Unintended
2825,Unpretty
2826,Until The Day Is Done (Album Version)
2827,Utan Stja╠êrnorna
2828,Valentine's Day (Album Version)
2829,Valentine's Day
2830,Vegas Skies (Album Version)
2831,Vengada
2832,Veremem Sana Acimi
2833,Vermilion Pt. 2 (Album Version)
2834,Voices
2835,Waiting Hare
2836,Wake as Gun I
2837,Wake Me Up When September Ends (Album Version)
2838,Walk Away
2839,Walk It Off
2840,Walkaway Joe
2841,Was immer du willst
2842,Was za╠êhlt
2843,Wasted
2844,Wasteland
2845,Ways to make you see
2846,We Never Change
2847,We Used To Wait
2848,We Were Never Meant To Be
2849,Wednesday
2850,Weird Fishes Arpeggi
2851,Weit weg
2852,Welcome To My Life (Album Version)
2853,What Sarah Said (Album Version)
2854,When Children Sleep
2855,When I Return
2856,When Love Is Far Away
2857,When The Heartache Ends (Album Version)
2858,When Will I See You Again
2859,Where Did You Go
2860,Where do I go now
2861,Where Have All The Flowers Gone
2862,Where I Stood (Album Version)
2863,Where My Baby Might Be
2864,Where The Rainbow Ends
2865,Where The Sun Never Shines
2866,White Laughter
2867,"Whoever Finds This, I Love You"
2868,Whore Whore
2869,Why Do I Feel So Sad
2870,Wieder mal 'nen Tag verschenkt
2871,Will Never Marry
2872,Willie
2873,Windy Town
2874,Winter 1941
2875,Winter
2876,Wise Up
2877,Without You
2878,Wo Rosen regnen
2879,Wonderful (2004 Digital Remaster)
2880,Wonderful Tonight
2881,World In Flames
2882,Wunder In Briefen
2883,Xylophone Track
2884,Yellow
2885,Yesterday
2886,Yksin huudat sun yo╠êt
2887,Yo No Naci Para Amar
2888,You Don't Know Love
2889,You Foolish Thing
2890,You Got Me (Featuring Jill Scott)
2891,You Love Me (Album Version)
2892,You Must Be Out of Your Mind
2893,You Wear It Well
2894,You're Beautiful
2895,You
2896,Your Cape
2897,Your Melody
2898,Zora Je (Rossko Remix)
